{
  "FADED钢琴": {
    "sounds": [
      "FADED钢琴"
    ]
  },
  "HopesandDreams": {
   "sounds": [
       "HopesandDreams"
	]
   },
  "PHOENIX二小姐": {
   "sounds": [
       "PHOENIX二小姐"
	]
   },   
  "牧场物语冬天": {
   "sounds": [
       "牧场物语冬天"
	]
   },    
  "水手 - 郑智化": {
   "sounds": [
       "水手 - 郑智化"
	]
   },
  "星之所在": {
   "sounds": [
       "星之所在"
	]
   },
  "原始的小屋": {
   "sounds": [
       "原始的小屋"
	]
   },
  "植物大战僵尸博士": {
   "sounds": [
       "植物大战僵尸博士"
	]
   }
}